affix_candidate,count,example
-isieren,32,Alkohol -> alkoholisieren
-ität,31,absurd -> Absurdität
-al,14,Emotion -> emotional
-ell,14,Experiment -> experimentell
-ismus,12,aktiv -> Aktivismus
-ium,12,Auditor -> Auditorium
-te,11,alliiert -> Alliierte
-nisch,10,Afrika -> afrikanisch
-ner,9,Afrika -> Afrikaner
-ende,9,alleinerziehend -> Alleinerziehende
-enswert,9,empfehlen -> empfehlenswert
-igen,8,Bill -> billigen
-är,8,Million -> Millionär
-iv,7,Akt -> aktiv
-ist,7,Chr -> Christ
-iell,7,Exponent -> exponentiell
-tisch,6,Aroma -> aromatisch
-ll,6,Bakterie -> bakteriell
-atisch,6,Fan -> fanatisch
-n,6,Funke -> Funken
-slos,5,Verantwortung -> verantwortungslos
-l,5,Eiche -> Eichel
-tlich,5,eigen -> eigentlich
-enheit,5,begeben -> Begebenheit
-etisch,4,Diab -> diabetisch
-at,4,Diplom -> Diplomat
-uell,4,Intellekt -> intellektuell
-ler,3,Bas -> Basler
anti-,3,biotisch -> antibiotisch
-ns,3,dritte -> drittens
-sweise,3,Vergleich -> vergleichsweise
-entlich,3,hoffen -> hoffentlich
-ual,3,Prozent -> prozentual
-s,2,A -> As
-ar,2,Atom -> atomar
dr-,2,außen -> draußen
-swesen,2,Bildung -> Bildungswesen
-istisch,2,Charakter -> charakteristisch
-ette,2,Disk -> Diskette
-is,2,ereignen -> Ereignis
-tte,2,Face -> Facette
-nden,2,feind -> feinden
-sen,2,Heim -> heimsen
-svoll,2,Hoffnung -> hoffnungsvoll
-rig,2,Hung -> hungrig
-enswürdig,2,lieben -> liebenswürdig
-alisch,2,Musik -> musikalisch
-ntlich,2,Name -> namentlich
-arisch,2,Parlament -> parlamentarisch
-anisch,2,Peru -> peruanisch
rück-,2,Erstattung -> Rückerstattung
-iker,1,Alkohol -> Alkoholiker
-nieren,1,Alter -> alternieren
-rseits,1,beide -> beiderseits
-ien,1,Brasil -> Brasilien
-lei,1,der -> derlei
-ener,1,Essen -> Essener
-smäßig,1,Verfassung -> verfassungsmäßig
-sieren,1,Fokus -> fokussieren
-d,1,gegen -> Gegend
-de,1,gemein -> Gemeinde
-sam,1,gemein -> gemeinsam
-nung,1,hoffen -> Hoffnung
-esfalls,1,kein -> keinesfalls
-erlei,1,kein -> keinerlei
-tnis,1,erkennen -> Erkenntnis
-fen,1,Kif -> kiffen
-enschaft,1,Hinterlassen -> Hinterlassenschaft
-risch,1,Litera -> literarisch
-gen,1,Log -> loggen
-ogie,1,Mineral -> Mineralogie
-ne,1,modern -> Moderne
-r,1,Modula -> modular
-dlich,1,Morgen -> morgendlich
-mus,1,Narziss -> Narzissmus
-t,1,Narziss -> Narzisst
da-,1,neben -> daneben
-bar,1,offen -> offenbar
-arium,1,Planet -> Planetarium
bi-,1,polar -> bipolar
-per,1,Pop -> Popper
-stisch,1,Populi -> populistisch
-nweise,1,Reihe -> reihenweise
-aner,1,Republik -> Republikaner
-sbarkeit,1,Gericht -> Gerichtsbarkeit
-wärtig,1,Rücken -> rückwärtig
-st,1,Sadi -> Sadist
ein-,1,schüchtern -> einschüchtern
-nmäßig,1,Serie -> serienmäßig
-ös,1,Skandal -> skandalös
-pen,1,top -> toppen
-ete,1,verbündet -> Verbündete
-ianisch,1,Viktor -> viktorianisch
-nswert,1,bewundern -> bewundernswert
-mal,1,zehn -> zehnmal
-ermaßen,1,zugegeben -> zugegebenermaßen
