word,charsplit_best,reason
Abbiegen,Abb+Iegen,score -0.97 < 0.5
Abfall,Abf+All,score 0.23 < 0.5
Abgeordnete,Abgeord+Nete,score -1.52 < 0.5
Abgrund,Abg+Rund,score -0.11 < 0.5
Abitur,Abi+Tur,score -0.31 < 0.5
Abiturient,Abitur+Ient,score -0.84 < 0.5
Ablage,Abl+Age,score -0.38 < 0.5
Ablauf,Abl+Auf,score 0.45 < 0.5
Ableger,Able+Ger,score 0.18 < 0.5
Ablehnen,Able+Hnen,score -0.85 < 0.5
Ablösesumme,Ablöse+Summe,score -0.50 < 0.5
Abschied,Abs+Chied,score -1.30 < 0.5
Abseits,Abs+Eits,score -0.21 < 0.5
Absprache,Abs+Prache,score -1.03 < 0.5
Abstieg,Abs+Tieg,score 0.14 < 0.5
Abstract,Abs+Tract,score 0.19 < 0.5
Abstraktion,Abs+Traktion,score 0.08 < 0.5
Abwechslung,Abwechs+Lung,score -1.27 < 0.5
Abwehr,Abw+Ehr,score -0.44 < 0.5
Abzweig,Abz+Weig,score -0.34 < 0.5
Accessoire,Access+Oire,score -0.82 < 0.5
Achsel,Ach+Sel,score -0.23 < 0.5
Action,Act+Ion,score -0.05 < 0.5
Adapter,Ada+Pter,score -0.10 < 0.5
Addition,Add+Ition,score -1.06 < 0.5
Adenauer,Aden+Auer,score 0.38 < 0.5
Adidas,Adi+Das,modifier not in lexicon
Adjektiv,Adjek+Tiv,score -1.80 < 0.5
Adjutant,Adjut+Ant,score -1.23 < 0.5
Admiral,Adm+Iral,score -1.20 < 0.5
Adoption,Adopt+Ion,score -0.09 < 0.5
Adrenalin,Adre+Nalin,score -1.29 < 0.5
Adressat,Adres+Sat,score -0.44 < 0.5
Adresse,Adr+Esse,score -1.62 < 0.5
Advent,Adv+Ent,score -0.44 < 0.5
Advokat,Advo+Kat,score -0.44 < 0.5
Affekt,Aff+Ekt,score -0.80 < 0.5
Affinität,Aff+Inität,score -1.07 < 0.5
Affront,Aff+Ront,score -1.48 < 0.5
Affäre,Aff+Äre,score -1.30 < 0.5
Afghane,Afg+Hane,score -1.36 < 0.5
Agenda,Age+Nda,score -1.40 < 0.5
Agentur,Agen+Tur,score 0.39 < 0.5
Aggregat,Agg+Regat,score -0.17 < 0.5
Aggression,Aggress+Ion,score -1.41 < 0.5
Airbag,Air+Bag,score -0.06 < 0.5
Akkord,Akk+Ord,score -0.43 < 0.5
Akkordeon,Akkord+Eon,score -1.20 < 0.5
Akteur,Akt+Eur,head not in lexicon
Aktion,Akt+Ion,score -0.22 < 0.5
Aktionismus,Aktion+Ismus,score -0.53 < 0.5
Aktion,Akt+Ion,score -0.22 < 0.5
Aktionär,Akt+Ionär,score -1.25 < 0.5
Akzent,Akz+Ent,score -1.47 < 0.5
Algebra,Alge+Bra,score 0.21 < 0.5
Algorithmus,Algorith+Mus,score -0.72 < 0.5
Alkohol,Alko+Hol,score -0.08 < 0.5
Allerlei,Aller+Lei,score -0.28 < 0.5
Alliga,All+Iga,score -1.20 < 0.5
Alligator,Alliga+Tor,modifier not in lexicon
Allradantrieb,Allrad+Antrieb,score -0.50 < 0.5
Almanach,Alma+Nach,modifier not in lexicon
Almosen,Almo+Sen,score -0.35 < 0.5
Alphabet,Alpha+Bet,head not in lexicon
Alptraum,Alp+Traum,score 0.38 < 0.5
Alster,Als+Ter,score -0.08 < 0.5
Alternative,Alter+Native,head not in lexicon
alters,Alt+Ers,score -0.43 < 0.5
alters,Alt+Ers,score -0.43 < 0.5
alters,Alt+Ers,score -0.43 < 0.5
alters,Alt+Ers,score -0.43 < 0.5
Aluminium,Alu+Minium,score -0.29 < 0.5
Amateur,Amat+Eur,head not in lexicon
Amazone,Ama+Zone,modifier not in lexicon
Ambiente,Ambi+Ente,score -0.46 < 0.5
Ambition,Amb+Ition,score -1.37 < 0.5
Ameise,Ame+Ise,score -0.38 < 0.5
Amelie,Ame+Lie,score -0.44 < 0.5
Ammoniak,Amm+Oniak,score -1.01 < 0.5
Amnestie,Amnes+Tie,score -1.33 < 0.5
Amphitheater,Amphi+Theater,score -0.50 < 0.5
Ampulle,Amp+Ulle,score -1.32 < 0.5
Amulett,Amu+Lett,score -0.30 < 0.5
Analphabet,Analpha+Bet,score -0.71 < 0.5
Analyse,Anal+Yse,score -0.09 < 0.5
Analysis,Anal+Ysis,score -1.00 < 0.5
Analyst,Ana+Lyst,score -1.48 < 0.5
Ananas,Ana+Nas,score -0.18 < 0.5
Andacht,And+Acht,score 0.12 < 0.5
Andrang,And+Rang,modifier not in lexicon
Anekdote,Anek+Dote,score -0.96 < 0.5
Anfall,Anf+All,score -0.05 < 0.5
Anführungszeichen,Anführungs+Zeichen,score -0.51 < 0.5
Angeben,Ang+Eben,score 0.05 < 0.5
Angebot,Ange+Bot,score 0.17 < 0.5
Angeklagte,Ange+Klagte,score -1.28 < 0.5
Angelegenheit,Ang+Elegenheit,score -1.16 < 0.5
Angelika,Ange+Lika,score -0.38 < 0.5
Angeln,Ang+Eln,score -0.92 < 0.5
Angesicht,Ange+Sicht,modifier not in lexicon
Angriff,Ang+Riff,score -0.01 < 0.5
Anhalt,Anh+Alt,score -0.19 < 0.5
Anhalt,Anh+Alt,score -0.19 < 0.5
Anhang,Anh+Ang,score -0.12 < 0.5
Anhieb,Anh+Ieb,score -1.75 < 0.5
Animation,Anima+Tion,score -1.22 < 0.5
Ankunft,Ank+Unft,score -0.98 < 0.5
Anlage,Anl+Age,score -0.33 < 0.5
Anlauf,Anl+Auf,score 0.50 < 0.5
Anlauf,Anl+Auf,score 0.50 < 0.5
Annahme,Ann+Ahme,score -0.10 < 0.5
Annalen,Anna+Len,score 0.20 < 0.5
Annexion,Anne+Xion,score 0.03 < 0.5
Anrecht,Anr+Echt,score -0.47 < 0.5
Anrufbeantworter,Anruf+Beantworter,score -0.55 < 0.5
Ansage,Ans+Age,score -0.16 < 0.5
Anschein,Ansch+Ein,score -0.65 < 0.5
Anschrift,Ans+Chrift,score -0.92 < 0.5
Ansprechpartner,Ansprech+Partner,score -0.58 < 0.5
Anspruch,Anspr+Uch,score -0.48 < 0.5
Anstalt,Anst+Alt,score -0.23 < 0.5
Anstand,Ans+Tand,score -0.29 < 0.5
Anstieg,Ans+Tieg,score 0.03 < 0.5
Anstoß,Ans+Toß,score -1.38 < 0.5
Anstrich,Ans+Trich,score -0.14 < 0.5
Antagonist,Ant+Agonist,score -0.13 < 0.5
Anteilnahme,Anteil+Nahme,score -0.91 < 0.5
Antenne,Ant+Enne,score -0.74 < 0.5
Antifa,Ant+Ifa,score -1.82 < 0.5
Antigen,Anti+Gen,score 0.03 < 0.5
Antilope,Anti+Lope,score -0.22 < 0.5
Antiquität,Antiqui+Tät,score -1.30 < 0.5
Antlitz,Ant+Litz,score -0.37 < 0.5
Antrieb,Ant+Rieb,score -0.50 < 0.5
Anwalt,Anw+Alt,score -0.13 < 0.5
Anwaltskanzlei,Anwalts+Kanzlei,score 0.33 < 0.5
Anwesen,Anw+Esen,score -0.25 < 0.5
Anwältin,Anwäl+Tin,score -1.62 < 0.5
Anziehen,Anzi+Ehen,score -0.09 < 0.5
Anziehung,Anz+Iehung,score -1.24 < 0.5
Anästhesie,Anästhe+Sie,score -0.53 < 0.5
Apache,Apa+Che,score -0.52 < 0.5
Apartment,Apart+Ment,score -0.24 < 0.5
Apokalypse,Apokaly+Pse,score -0.53 < 0.5
Apostel,Apos+Tel,score -0.40 < 0.5
Apotheke,Apo+Theke,score 0.24 < 0.5
Apparat,Appa+Rat,score -0.26 < 0.5
Appartement,App+Artement,score -0.90 < 0.5
Appell,App+Ell,score -0.63 < 0.5
Appetit,Appe+Tit,score -0.25 < 0.5
Applaus,Appl+Aus,score 0.44 < 0.5
Applikation,Appli+Kation,score -1.06 < 0.5
Aquarell,Aqua+Rell,score -0.99 < 0.5
Aquarium,Aqua+Rium,score -1.01 < 0.5
Arbeitgeber,Arbeit+Geber,score 0.23 < 0.5
Arbeitgeber,Arbeit+Geber,score 0.23 < 0.5
Arbeitnehmer,Arbeit+Nehmer,score -0.86 < 0.5
Arbeit,Arb+Eit,score -0.44 < 0.5
Arbeit,Arb+Eit,score -0.44 < 0.5
Arbeit,Arb+Eit,score -0.44 < 0.5
Arbeit,Arb+Eit,score -0.44 < 0.5
Arbeitslose,Arbeits+Lose,score 0.24 < 0.5
arbeitslos,Arbeits+Los,score 0.41 < 0.5
arbeitslos,Arbeits+Los,score 0.41 < 0.5
arbeitslos,Arbeits+Los,score 0.41 < 0.5
arbeitslos,Arbeits+Los,score 0.41 < 0.5
Arbeit,Arb+Eit,score -0.44 < 0.5
Arbeit,Arb+Eit,score -0.44 < 0.5
Arbeitsstätte,Arbeits+Stätte,score 0.33 < 0.5
Arbeit,Arb+Eit,score -0.44 < 0.5
Arbeit,Arb+Eit,score -0.44 < 0.5
Arbeit,Arb+Eit,score -0.44 < 0.5
Archipel,Archi+Pel,score -0.57 < 0.5
Architekt,Archi+Tekt,score -0.87 < 0.5
Architektur,Arch+Itektur,score -1.05 < 0.5
Architektur,Arch+Itektur,score -1.05 < 0.5
Archiv,Arc+Hiv,score -0.13 < 0.5
Archivar,Arch+Ivar,head not in lexicon
Archäologe,Archäo+Loge,score -0.12 < 0.5
Argument,Argu+Ment,score -1.42 < 0.5
Arkade,Ark+Ade,score -0.40 < 0.5
Oberarm,Ober+Arm,score 0.34 < 0.5
Arrest,Arr+Est,score -0.78 < 0.5
Arsenal,Arse+Nal,score -0.76 < 0.5
Artefakt,Arte+Fakt,score 0.24 < 0.5
Artemis,Arte+Mis,score -0.25 < 0.5
Arterie,Art+Erie,score -0.12 < 0.5
Arthritis,Art+Hritis,score -1.58 < 0.5
Artikel,Arti+Kel,score -0.22 < 0.5
Artillerie,Art+Illerie,score -0.74 < 0.5
Arznei,Arz+Nei,score -0.52 < 0.5
Asbest,Asb+Est,score -1.81 < 0.5
Asiate,Asi+Ate,score -0.86 < 0.5
Aspekt,Asp+Ekt,score -0.73 < 0.5
Asphalt,Asp+Halt,score -0.40 < 0.5
Aspirin,Asp+Irin,score 0.27 < 0.5
Assistenz,Assis+Tenz,score -0.03 < 0.5
Asteroid,Aster+Oid,score -1.53 < 0.5
Asthma,Ast+Hma,score -1.81 < 0.5
Astronaut,Astro+Naut,score -0.27 < 0.5
Astronom,Astro+Nom,score -0.10 < 0.5
Asylsuchende,Asylsuch+Ende,score -0.58 < 0.5
Asylwerber,Asyl+Werber,score 0.23 < 0.5
Atelier,Ate+Lier,score -0.62 < 0.5
Atheismus,Atheis+Mus,score -0.72 < 0.5
Atheist,Athe+Ist,score -0.47 < 0.5
Athene,Ath+Ene,score -0.38 < 0.5
Athlet,Ath+Let,score -0.19 < 0.5
Atmosphäre,Atmo+Sphäre,score -0.79 < 0.5
Atrium,Atr+Ium,score -1.30 < 0.5
Attacke,Att+Acke,score -0.20 < 0.5
Attentat,Atten+Tat,score 0.14 < 0.5
Attest,Att+Est,score -0.67 < 0.5
Attila,Att+Ila,score -0.70 < 0.5
Attitüde,Atti+Tüde,score -1.69 < 0.5
Attraktion,Attr+Aktion,score -0.77 < 0.5
Attribut,Attri+But,score -1.00 < 0.5
Audienz,Audi+Enz,score -0.18 < 0.5
Auerbach,Auer+Bach,modifier shorter than 3
Aufenthalt,Aufenth+Alt,score -0.04 < 0.5
Auffahrunfall,Auffahr+Unfall,score -0.49 < 0.5
Aufgabe,Auf+Gabe,score 0.26 < 0.5
Aufgabe,Auf+Gabe,score 0.26 < 0.5
Aufgabe,Auf+Gabe,score 0.26 < 0.5
Aufgabe,Auf+Gabe,score 0.26 < 0.5
Aufgang,Auf+Gang,score 0.34 < 0.5
Auflauf,Aufl+Auf,modifier not in lexicon
Aufnahme,Auf+Nahme,score -0.99 < 0.5
Aufruhr,Auf+Ruhr,score 0.48 < 0.5
Auftritt,Auf+Tritt,score 0.39 < 0.5
Aufwand,Auf+Wand,score 0.47 < 0.5
Aufwand,Auf+Wand,score 0.47 < 0.5
Augenzeuge,Augen+Zeuge,score 0.45 < 0.5
August,Aug+Ust,score -0.72 < 0.5
Augustus,Aug+Ustus,score -0.99 < 0.5
Auktion,Aukt+Ion,score -1.41 < 0.5
Auktion,Aukt+Ion,score -1.41 < 0.5
Aurora,Aur+Ora,score -0.58 < 0.5
Ausgabe,Aus+Gabe,score 0.21 < 0.5
ausgangs,Aus+Gangs,score 0.29 < 0.5
Aushang,Aus+Hang,score 0.45 < 0.5
Aushängeschild,Aushänge+Schild,score -0.54 < 0.5
Auskunft,Aus+Kunft,score -0.77 < 0.5
Auslastung,Aus+Lastung,score -0.77 < 0.5
Ausnahme,Ausn+Ahme,score -0.50 < 0.5
Ausschalten,Aussch+Alten,score -0.61 < 0.5
Ausstieg,Aus+Stieg,score 0.30 < 0.5
Auster,Aus+Ter,score -0.21 < 0.5
Austritt,Aus+Tritt,score 0.34 < 0.5
Auswärtssieg,Auswärts+Sieg,score -0.51 < 0.5
Auszubildende,Auszu+Bildende,score -0.51 < 0.5
Autismus,Autis+Mus,score -0.72 < 0.5
Autofahren,Auto+Fahren,score 0.39 < 0.5
Autogramm,Auto+Gramm,score 0.44 < 0.5
Automat,Auto+Mat,score -0.02 < 0.5
Automation,Automat+Ion,score -0.09 < 0.5
Automobil,Auto+Mobil,score 0.50 < 0.5
Autonome,Auto+Nome,score -0.10 < 0.5
Autopsie,Autop+Sie,score -0.53 < 0.5
Autorität,Autor+Ität,score -0.78 < 0.5
Außenwand,Außen+Wand,score 0.37 < 0.5
Avantgarde,Avant+Garde,modifier not in lexicon
Avenue,Ave+Nue,score -0.29 < 0.5
Badeanzug,Bade+Anzug,score -0.02 < 0.5
Badehose,Bade+Hose,score 0.44 < 0.5
Badminton,Bad+Minton,head not in lexicon
Bakterie,Bak+Terie,score -1.52 < 0.5
Bakterium,Bak+Terium,score -1.16 < 0.5
Balance,Bal+Ance,score -0.23 < 0.5
Balken,Bal+Ken,score -0.08 < 0.5
Balkon,Bal+Kon,modifier not in lexicon
Ballade,Bal+Lade,score -0.15 < 0.5
Ballast,Bal+Last,score 0.33 < 0.5
Ballerina,Baller+Ina,score 0.14 < 0.5
Ballett,Bal+Lett,score -0.26 < 0.5
Ballon,Bal+Lon,score -0.05 < 0.5
Balsam,Bal+Sam,score -0.31 < 0.5
Bambus,Bam+Bus,score -0.63 < 0.5
Banane,Ban+Ane,score -0.57 < 0.5
Bandage,Ban+Dage,head not in lexicon
Bandit,Ban+Dit,score -0.69 < 0.5
Banker,Ban+Ker,score -0.22 < 0.5
Bankett,Bank+Ett,score -0.31 < 0.5
Bankier,Ban+Kier,score -0.24 < 0.5
Baptist,Bapt+Ist,score -1.50 < 0.5
Baracke,Bar+Acke,score -0.12 < 0.5
Barbar,Bar+Bar,score 0.45 < 0.5
Barbie,Bar+Bie,score -0.41 < 0.5
Bariton,Bari+Ton,score 0.48 < 0.5
Barock,Bar+Ock,score -0.35 < 0.5
Barometer,Baro+Meter,score -0.54 < 0.5
Barrel,Bar+Rel,score 0.46 < 0.5
Barriere,Bar+Riere,score -1.15 < 0.5
Barrikade,Bar+Rikade,score -1.21 < 0.5
Basalt,Bas+Alt,score -0.18 < 0.5
Basilika,Basil+Ika,score -0.34 < 0.5
Basilikum,Basil+Ikum,score -0.89 < 0.5
Basket,Bas+Ket,score -0.56 < 0.5
Basketball,Basket+Ball,modifier not in lexicon
Bastard,Bas+Tard,score -0.20 < 0.5
Bastion,Bast+Ion,score -0.20 < 0.5
Bataillon,Bata+Illon,score -0.96 < 0.5
Batterie,Batte+Rie,score -0.40 < 0.5
Bausparvertrag,Bauspar+Vertrag,score -0.52 < 0.5
Bavaria,Bav+Aria,score -1.55 < 0.5
Beamtin,Beam+Tin,score -1.62 < 0.5
Beauftragte,Beau+Ftragte,score -1.35 < 0.5
Beauty,Bea+Uty,score -1.72 < 0.5
Bebauung,Bebau+Ung,score -1.32 < 0.5
Becher,Bec+Her,score -0.03 < 0.5
Becken,Bec+Ken,score -0.10 < 0.5
Bedacht,Bed+Acht,score -0.23 < 0.5
Bedarf,Bed+Arf,score -0.33 < 0.5
Bedauern,Beda+Uern,score -0.99 < 0.5
Befehl,Bef+Ehl,score -0.73 < 0.5
Befragte,Bef+Ragte,score -1.62 < 0.5
Begabung,Beg+Abung,score -1.12 < 0.5
Begierde,Begi+Erde,score -0.57 < 0.5
begleiten,Beg+Leiten,score 0.31 < 0.5
Begriff,Beg+Riff,score -0.37 < 0.5
Begrüßen,Begr+Üßen,score -1.64 < 0.5
Behandlung,Behand+Lung,score -1.27 < 0.5
Behörde,Beh+Örde,score -1.78 < 0.5
Beisammensein,Beisammen+Sein,score -0.55 < 0.5
Beitritt,Bei+Tritt,score 0.42 < 0.5
Bekannte,Bek+Annte,score -1.11 < 0.5
bekannt,Bek+Annt,score -1.18 < 0.5
Bekanntheit,Bekannt+Heit,score 0.07 < 0.5
Bekenntnis,Bek+Enntnis,score -1.38 < 0.5
Beklagte,Bek+Lagte,score -1.38 < 0.5
Belang,Bel+Ang,score 0.07 < 0.5
Belieben,Bel+Ieben,score -1.14 < 0.5
Bemühen,Bem+Ühen,score -0.97 < 0.5
Bengel,Ben+Gel,score 0.20 < 0.5
Benjamin,Ben+Jamin,score -0.63 < 0.5
Bequemlichkeit,Bequemlich+Keit,score -1.26 < 0.5
Beratung,Berat+Ung,score -0.25 < 0.5
Bereich,Ber+Eich,score -0.34 < 0.5
Bericht,Ber+Icht,score -0.38 < 0.5
Berlinale,Berlin+Ale,score 0.22 < 0.5
Bernstein,Bern+Stein,modifier not in lexicon
Bertram,Ber+Tram,modifier not in lexicon
Berührung,Ber+Ührung,score -0.98 < 0.5
Besatzer,Bes+Atzer,score -0.17 < 0.5
Besatzung,Besatz+Ung,score -0.20 < 0.5
Bescheid,Besch+Eid,score -0.51 < 0.5
Beschlag,Besch+Lag,score -0.42 < 0.5
Beschuldigte,Besch+Uldigte,score -1.73 < 0.5
Beschw,Bes+Chw,score -0.92 < 0.5
Beschwerde,Beschw+Erde,modifier not in lexicon
Beschäftigung,Besch+Äftigung,score -1.19 < 0.5
Bestie,Bes+Tie,score -0.25 < 0.5
Bestseller,Bests+Eller,score 0.22 < 0.5
Besucher,Besuc+Her,score -1.06 < 0.5
Betracht,Betr+Acht,score -0.14 < 0.5
Betrachtung,Betracht+Ung,score 0.08 < 0.5
Betragen,Betr+Agen,score 0.04 < 0.5
Betreff,Betr+Eff,score -0.15 < 0.5
Betrieb,Bet+Rieb,score -0.52 < 0.5
Betrieb,Bet+Rieb,score -0.52 < 0.5
Betrug,Bet+Rug,score -0.15 < 0.5
Betrunkene,Betr+Unkene,score -1.23 < 0.5
Beutel,Beu+Tel,score -0.59 < 0.5
Bevölkerung,Bev+Ölkerung,score -1.21 < 0.5
Bevölkerung,Bev+Ölkerung,score -1.21 < 0.5
Bevölkerung,Bev+Ölkerung,score -1.21 < 0.5
Beweggrund,Beweg+Grund,score -0.48 < 0.5
Bewegung,Bew+Egung,score -1.20 < 0.5
Bezirk,Bez+Irk,score -1.80 < 0.5
Bezirk,Bez+Irk,score -1.80 < 0.5
Bezirk,Bez+Irk,score -1.80 < 0.5
Bezugnahme,Bezug+Nahme,score -0.92 < 0.5
Bibliothek,Biblio+Thek,score -0.02 < 0.5
Bibliothekar,Bibliothe+Kar,score -0.56 < 0.5
Biedermann,Bieder+Mann,score -0.57 < 0.5
Biennale,Bien+Nale,score -0.86 < 0.5
Bikini,Bik+Ini,score -0.73 < 0.5
Bilanz,Bil+Anz,score -0.44 < 0.5
Bildung,Bild+Ung,score 0.11 < 0.5
Bildung,Bild+Ung,score 0.11 < 0.5
Bildung,Bild+Ung,score 0.11 < 0.5
Billard,Bill+Ard,score -0.01 < 0.5
Billion,Bill+Ion,score 0.05 < 0.5
Bindeglied,Binde+Glied,score -0.11 < 0.5
binnen,Bin+Nen,score -0.12 < 0.5
Biologe,Bio+Loge,score -0.01 < 0.5
Biotop,Bio+Top,score 0.29 < 0.5
Bischof,Bisc+Hof,score -0.67 < 0.5
Bischof,Bisc+Hof,score -0.67 < 0.5
Bistro,Bis+Tro,score -0.26 < 0.5
Bistum,Bis+Tum,score 0.24 < 0.5
Blackout,Black+Out,modifier not in lexicon
Blasphemie,Blasphe+Mie,score -1.36 < 0.5
Blatter,Blat+Ter,score -0.54 < 0.5
Blazer,Bla+Zer,score -0.11 < 0.5
Bleiberecht,Blei+Berecht,score 0.39 < 0.5
Blindgänger,Blind+Gänger,score -0.98 < 0.5
Blizzard,Blizz+Ard,score -1.46 < 0.5
Blonde,Blo+Nde,score -1.79 < 0.5
Blondine,Blon+Dine,score 0.30 < 0.5
Blödsinn,Blöd+Sinn,score -0.50 < 0.5
Boeing,Boe+Ing,score -0.35 < 0.5
bohren,Boh+Ren,score -0.07 < 0.5
bohren,Boh+Ren,score -0.07 < 0.5
Bolschewik,Bolsche+Wik,score -0.28 < 0.5
bomben,Bom+Ben,score -0.19 < 0.5
bomben,Bom+Ben,score -0.19 < 0.5
Bonität,Boni+Tät,score 0.11 < 0.5
Bordeaux,Borde+Aux,score 0.05 < 0.5
Bordell,Bor+Dell,score 0.20 < 0.5
Borste,Bor+Ste,score -0.34 < 0.5
Borusse,Bor+Usse,score -1.35 < 0.5
Borussia,Bor+Ussia,score -1.35 < 0.5
Bosheit,Bos+Heit,score -0.13 < 0.5
Bosporus,Bos+Porus,score -0.85 < 0.5
Boston,Bos+Ton,score 0.30 < 0.5
Botschaft,Bot+Schaft,score -0.13 < 0.5
Boulevard,Boule+Vard,score -0.90 < 0.5
Boutique,Bout+Ique,score -0.89 < 0.5
Boykott,Boy+Kott,score 0.47 < 0.5
Branche,Bran+Che,score -0.51 < 0.5
Bratwurst,Brat+Wurst,score 0.14 < 0.5
Brauhaus,Brau+Haus,score -0.60 < 0.5
Brenner,Bren+Ner,score -0.43 < 0.5
brennen,Bren+Nen,score -0.18 < 0.5
Brennpunkt,Brenn+Punkt,score 0.44 < 0.5
Brennstoff,Brenn+Stoff,score 0.11 < 0.5
Brennstoff,Brenn+Stoff,score 0.11 < 0.5
Brennweite,Brenn+Weite,score 0.26 < 0.5
Brezel,Bre+Zel,score -0.52 < 0.5
Bridge,Bri+Dge,score -1.58 < 0.5
Brigade,Bri+Gade,score 0.23 < 0.5
Brille,Bri+Lle,score -0.59 < 0.5
Broadway,Broad+Way,head not in lexicon
brocken,Broc+Ken,score -1.13 < 0.5
Bronze,Bro+Nze,score -1.84 < 0.5
Broschüre,Bro+Schüre,score 0.04 < 0.5
Browser,Brow+Ser,score -0.22 < 0.5
Brunch,Bru+Nch,score -1.88 < 0.5
Brunnen,Brun+Nen,score -0.06 < 0.5
Bräutigam,Bräuti+Gam,score -0.63 < 0.5
Brücke,Brü+Cke,score -2.68 < 0.5
Buchen,Buc+Hen,score -1.19 < 0.5
Buchhalter,Buch+Halter,score 0.43 < 0.5
Buchstabe,Buch+Stabe,score 0.06 < 0.5
Buckel,Buc+Kel,score -1.28 < 0.5
Buddha,Bud+Dha,score -0.32 < 0.5
Budget,Bud+Get,score 0.43 < 0.5
Buffet,Buf+Fet,score -0.56 < 0.5
Bulgare,Bul+Gare,score -0.52 < 0.5
Bulletin,Bull+Etin,score -0.10 < 0.5
Bundesverdienstkreuz,Bundes+Verdienstkreuz,score 0.50 < 0.5
Bundeswehr,Bundes+Wehr,score 0.48 < 0.5
Bungalow,Bunga+Low,head not in lexicon
Bunker,Bun+Ker,score -0.27 < 0.5
Burger,Bur+Ger,score -0.18 < 0.5
Burgund,Bur+Gund,score 0.22 < 0.5
Bursche,Burs+Che,score -0.51 < 0.5
Butler,But+Ler,score -0.12 < 0.5
Button,But+Ton,score 0.33 < 0.5
Bändchen,Bänd+Chen,score -1.18 < 0.5
Bäuerin,Bäu+Erin,score -1.20 < 0.5
Bäumchen,Bäum+Chen,score -1.18 < 0.5
Böller,Böl+Ler,score -1.37 < 0.5
Böschung,Bösch+Ung,score -1.32 < 0.5
Böttcher,Böttc+Her,score -1.06 < 0.5
Büchlein,Büchl+Ein,score -0.65 < 0.5
Büchse,Büc+Hse,score -2.85 < 0.5
Büfett,Büf+Ett,score -1.80 < 0.5
Büffel,Büf+Fel,score -1.34 < 0.5
Bündnis,Bün+Dnis,score -1.17 < 0.5
Bürger,Bür+Ger,score -1.19 < 0.5
Bürger,Bür+Ger,score -1.19 < 0.5
Bürokrat,Büro+Krat,score -0.06 < 0.5
Büttner,Büt+Tner,score -1.15 < 0.5
Cabrio,Cab+Rio,score 0.03 < 0.5
Caesar,Cae+Sar,score -0.34 < 0.5
Cafeteria,Caf+Eteria,score -0.75 < 0.5
Camping,Cam+Ping,score 0.17 < 0.5
Campus,Cam+Pus,score 0.07 < 0.5
Cartoon,Car+Toon,head not in lexicon
Casanova,Casa+Nova,modifier not in lexicon
Casino,Cas+Ino,score -0.67 < 0.5
Celsius,Cels+Ius,score -1.02 < 0.5
Cembalo,Cem+Balo,score 0.23 < 0.5
Center,Cen+Ter,score -0.45 < 0.5
Champagner,Champa+Gner,score 0.12 < 0.5
Champignon,Cham+Pignon,head not in lexicon
Champion,Cham+Pion,score 0.19 < 0.5
Chance,Cha+Nce,score -1.23 < 0.5
Chanson,Chan+Son,score 0.12 < 0.5
Charakter,Cha+Rakter,score -1.40 < 0.5
Charge,Cha+Rge,score -1.78 < 0.5
Charisma,Char+Isma,score -0.79 < 0.5
Charles,Char+Les,score 0.20 < 0.5
Charleston,Charles+Ton,modifier not in lexicon
Charlotte,Char+Lotte,score 0.07 < 0.5
Charme,Cha+Rme,score -1.83 < 0.5
Charta,Cha+Rta,score -1.82 < 0.5
Chassis,Chas+Sis,score -0.27 < 0.5
