lemma,prefix,reason
durcharrangieren,durch,"dual prefix, no split forms or participle"
durchblitzen,durch,"dual prefix, no split forms or participle"
durchbrausen,durch,"dual prefix, no split forms or participle"
durchbrettern,durch,"dual prefix, no split forms or participle"
durchbuchstabieren,durch,"dual prefix, no split forms or participle"
durchchecken,durch,"dual prefix, no split forms or participle"
durchdeklinieren,durch,"dual prefix, no split forms or participle"
durchdreschen,durch,"dual prefix, no split forms or participle"
durcheilen,durch,"dual prefix, no split forms or participle"
durchfaulen,durch,"dual prefix, no split forms or participle"
durchfechten,durch,"dual prefix, no split forms or participle"
durchfeiern,durch,"dual prefix, no split forms or participle"
durchfinanzieren,durch,"dual prefix, no split forms or participle"
durchflechten,durch,"dual prefix, no split forms or participle"
durchfluten,durch,"dual prefix, no split forms or participle"
durchfunken,durch,"dual prefix, no split forms or participle"
durchfurchen,durch,"dual prefix, no split forms or participle"
durchgefallen,durch,"dual prefix, no split forms or participle"
durchgestalten,durch,"dual prefix, no split forms or participle"
durchgestehen,durch,"dual prefix, no split forms or participle"
durchhallen,durch,"dual prefix, no split forms or participle"
durchherrschen,durch,"dual prefix, no split forms or participle"
durchhungern,durch,"dual prefix, no split forms or participle"
durchhuschen,durch,"dual prefix, no split forms or participle"
durchhören,durch,"dual prefix, no split forms or participle"
durchkalkulieren,durch,"dual prefix, no split forms or participle"
durchklagen,durch,"dual prefix, no split forms or participle"
durchkochen,durch,"dual prefix, no split forms or participle"
durchkonjugieren,durch,"dual prefix, no split forms or participle"
durchkonstruieren,durch,"dual prefix, no split forms or participle"
durchkonzipieren,durch,"dual prefix, no split forms or participle"
durchmustern,durch,"dual prefix, no split forms or participle"
durchnumerieren,durch,"dual prefix, no split forms or participle"
durchorganisieren,durch,"dual prefix, no split forms or participle"
durchpassen,durch,"dual prefix, no split forms or participle"
durchpauken,durch,"dual prefix, no split forms or participle"
durchpowern,durch,"dual prefix, no split forms or participle"
durchproben,durch,"dual prefix, no split forms or participle"
durchprüfen,durch,"dual prefix, no split forms or participle"
durchquälen,durch,"dual prefix, no split forms or participle"
durchradeln,durch,"dual prefix, no split forms or participle"
durchrasen,durch,"dual prefix, no split forms or participle"
durchrationalisieren,durch,"dual prefix, no split forms or participle"
durchrauchen,durch,"dual prefix, no split forms or participle"
durchrauschen,durch,"dual prefix, no split forms or participle"
durchregnen,durch,"dual prefix, no split forms or participle"
durchreichen,durch,"dual prefix, no split forms or participle"
durchreiten,durch,"dual prefix, no split forms or participle"
durchrennen,durch,"dual prefix, no split forms or participle"
durchsacken,durch,"dual prefix, no split forms or participle"
durchschleichen,durch,"dual prefix, no split forms or participle"
durchschlüpfen,durch,"dual prefix, no split forms or participle"
durchschnaufen,durch,"dual prefix, no split forms or participle"
durchschweißen,durch,"dual prefix, no split forms or participle"
durchsingen,durch,"dual prefix, no split forms or participle"
durchstimmen,durch,"dual prefix, no split forms or participle"
durchstrahlen,durch,"dual prefix, no split forms or participle"
durchstürmen,durch,"dual prefix, no split forms or participle"
durchsäuern,durch,"dual prefix, no split forms or participle"
durchtauchen,durch,"dual prefix, no split forms or participle"
durchteilen,durch,"dual prefix, no split forms or participle"
durchtrainieren,durch,"dual prefix, no split forms or participle"
durchtreiben,durch,"dual prefix, no split forms or participle"
durchtreten,durch,"dual prefix, no split forms or participle"
durchtrinken,durch,"dual prefix, no split forms or participle"
durchwandeln,durch,"dual prefix, no split forms or participle"
durchwehen,durch,"dual prefix, no split forms or participle"
durchweichen,durch,"dual prefix, no split forms or participle"
durchweinen,durch,"dual prefix, no split forms or participle"
durchwirbeln,durch,"dual prefix, no split forms or participle"
durchwirken,durch,"dual prefix, no split forms or participle"
durchwuchern,durch,"dual prefix, no split forms or participle"
durchwählen,durch,"dual prefix, no split forms or participle"
durchzittern,durch,"dual prefix, no split forms or participle"
hinterbrechen,hinter,"dual prefix, no split forms or participle"
hinterhereilen,hinter,"dual prefix, no split forms or participle"
hinterherhecheln,hinter,"dual prefix, no split forms or participle"
hinterherkommen,hinter,"dual prefix, no split forms or participle"
hinterherschieben,hinter,"dual prefix, no split forms or participle"
hinterherschleichen,hinter,"dual prefix, no split forms or participle"
hinterhersehen,hinter,"dual prefix, no split forms or participle"
hinterhertraben,hinter,"dual prefix, no split forms or participle"
hinterstecken,hinter,"dual prefix, no split forms or participle"
hintertragen,hinter,"dual prefix, no split forms or participle"
umarrangieren,um,"dual prefix, no split forms or participle"
umbasteln,um,"dual prefix, no split forms or participle"
umbedingen,um,"dual prefix, no split forms or participle"
umbesetzen,um,"dual prefix, no split forms or participle"
umbetten,um,"dual prefix, no split forms or participle"
umbewerten,um,"dual prefix, no split forms or participle"
umcodieren,um,"dual prefix, no split forms or participle"
umdatieren,um,"dual prefix, no split forms or participle"
umdefinieren,um,"dual prefix, no split forms or participle"
umdeklarieren,um,"dual prefix, no split forms or participle"
umdekorieren,um,"dual prefix, no split forms or participle"
umdichten,um,"dual prefix, no split forms or participle"
umdirigieren,um,"dual prefix, no split forms or participle"
umdribbeln,um,"dual prefix, no split forms or participle"
umdrücken,um,"dual prefix, no split forms or participle"
umflaggen,um,"dual prefix, no split forms or participle"
umformieren,um,"dual prefix, no split forms or participle"
umfächeln,um,"dual prefix, no split forms or participle"
umfälschen,um,"dual prefix, no split forms or participle"
umgehören,um,"dual prefix, no split forms or participle"
umgründen,um,"dual prefix, no split forms or participle"
umgürten,um,"dual prefix, no split forms or participle"
umhalsen,um,"dual prefix, no split forms or participle"
umhauchen,um,"dual prefix, no split forms or participle"
umhereilen,um,"dual prefix, no split forms or participle"
umherfahren,um,"dual prefix, no split forms or participle"
umherjagen,um,"dual prefix, no split forms or participle"
umherschieben,um,"dual prefix, no split forms or participle"
umherschleudern,um,"dual prefix, no split forms or participle"
umhertreiben,um,"dual prefix, no split forms or participle"
umherwerfen,um,"dual prefix, no split forms or participle"
umjubeln,um,"dual prefix, no split forms or participle"
umkegeln,um,"dual prefix, no split forms or participle"
umkomponieren,um,"dual prefix, no split forms or participle"
umkonditionieren,um,"dual prefix, no split forms or participle"
umkopieren,um,"dual prefix, no split forms or participle"
umkringeln,um,"dual prefix, no split forms or participle"
umkurven,um,"dual prefix, no split forms or participle"
ummachen,um,"dual prefix, no split forms or participle"
ummodellieren,um,"dual prefix, no split forms or participle"
ummontieren,um,"dual prefix, no split forms or participle"
umnumerieren,um,"dual prefix, no split forms or participle"
umoperieren,um,"dual prefix, no split forms or participle"
umprofilieren,um,"dual prefix, no split forms or participle"
umqualifizieren,um,"dual prefix, no split forms or participle"
umrechen,um,"dual prefix, no split forms or participle"
umschaffen,um,"dual prefix, no split forms or participle"
umschleiern,um,"dual prefix, no split forms or participle"
umschlängeln,um,"dual prefix, no split forms or participle"
umschminken,um,"dual prefix, no split forms or participle"
umschneiden,um,"dual prefix, no split forms or participle"
umschwimmen,um,"dual prefix, no split forms or participle"
umstilisieren,um,"dual prefix, no split forms or participle"
umtänzeln,um,"dual prefix, no split forms or participle"
umverlagern,um,"dual prefix, no split forms or participle"
umweben,um,"dual prefix, no split forms or participle"
umwogen,um,"dual prefix, no split forms or participle"
umwohnen,um,"dual prefix, no split forms or participle"
umwuchern,um,"dual prefix, no split forms or participle"
umwölben,um,"dual prefix, no split forms or participle"
unterbeschäftigen,unter,"dual prefix, no split forms or participle"
unterbestimmen,unter,"dual prefix, no split forms or participle"
unterbetonen,unter,"dual prefix, no split forms or participle"
unterbügeln,unter,"dual prefix, no split forms or participle"
unterdimensionieren,unter,"dual prefix, no split forms or participle"
unterdosieren,unter,"dual prefix, no split forms or participle"
unterentwickeln,unter,"dual prefix, no split forms or participle"
unterernähren,unter,"dual prefix, no split forms or participle"
unterfahren,unter,"dual prefix, no split forms or participle"
unterfallen,unter,"dual prefix, no split forms or participle"
unterfällen,unter,"dual prefix, no split forms or participle"
untergeben,unter,"dual prefix, no split forms or participle"
unterkapitalisieren,unter,"dual prefix, no split forms or participle"
untermixen,unter,"dual prefix, no split forms or participle"
unternutzen,unter,"dual prefix, no split forms or participle"
unterprivilegieren,unter,"dual prefix, no split forms or participle"
unterqualifizieren,unter,"dual prefix, no split forms or participle"
unterrepräsentieren,unter,"dual prefix, no split forms or participle"
unterschmuggeln,unter,"dual prefix, no split forms or participle"
unterschnallen,unter,"dual prefix, no split forms or participle"
unterspannen,unter,"dual prefix, no split forms or participle"
unterspielen,unter,"dual prefix, no split forms or participle"
unterströmen,unter,"dual prefix, no split forms or participle"
untertagen,unter,"dual prefix, no split forms or participle"
untertriefen,unter,"dual prefix, no split forms or participle"
unterverpachten,unter,"dual prefix, no split forms or participle"
vollautomatisieren,voll,"dual prefix, no split forms or participle"
vollbauen,voll,"dual prefix, no split forms or participle"
vollbekommen,voll,"dual prefix, no split forms or participle"
vollbelegen,voll,"dual prefix, no split forms or participle"
vollbepacken,voll,"dual prefix, no split forms or participle"
vollbeschäftigen,voll,"dual prefix, no split forms or participle"
vollbesetzen,voll,"dual prefix, no split forms or participle"
volldrucken,voll,"dual prefix, no split forms or participle"
vollfetten,voll,"dual prefix, no split forms or participle"
vollhauen,voll,"dual prefix, no split forms or participle"
vollhängen,voll,"dual prefix, no split forms or participle"
vollkleben,voll,"dual prefix, no split forms or participle"
vollklimatisieren,voll,"dual prefix, no split forms or participle"
vollknallen,voll,"dual prefix, no split forms or participle"
vollkriegen,voll,"dual prefix, no split forms or participle"
vollnehmen,voll,"dual prefix, no split forms or participle"
vollpacken,voll,"dual prefix, no split forms or participle"
vollparken,voll,"dual prefix, no split forms or participle"
vollpflastern,voll,"dual prefix, no split forms or participle"
vollpfropfen,voll,"dual prefix, no split forms or participle"
vollqualmen,voll,"dual prefix, no split forms or participle"
vollreifen,voll,"dual prefix, no split forms or participle"
vollräumen,voll,"dual prefix, no split forms or participle"
vollsaufen,voll,"dual prefix, no split forms or participle"
vollschlagen,voll,"dual prefix, no split forms or participle"
vollschmieren,voll,"dual prefix, no split forms or participle"
vollschütten,voll,"dual prefix, no split forms or participle"
vollsperren,voll,"dual prefix, no split forms or participle"
vollspicken,voll,"dual prefix, no split forms or participle"
vollspritzen,voll,"dual prefix, no split forms or participle"
vollsprühen,voll,"dual prefix, no split forms or participle"
vollspucken,voll,"dual prefix, no split forms or participle"
vollstapeln,voll,"dual prefix, no split forms or participle"
vollstehen,voll,"dual prefix, no split forms or participle"
vollstellen,voll,"dual prefix, no split forms or participle"
widerfinden,wider,"dual prefix, no split forms or participle"
widergeben,wider,"dual prefix, no split forms or participle"
widerholen,wider,"dual prefix, no split forms or participle"
widerkäuen,wider,"dual prefix, no split forms or participle"
wiederaufarbeiten,wieder,"dual prefix, no split forms or participle"
wiederauffinden,wieder,"dual prefix, no split forms or participle"
wiederaufflammen,wieder,"dual prefix, no split forms or participle"
wiederaufführen,wieder,"dual prefix, no split forms or participle"
wiederaufgreifen,wieder,"dual prefix, no split forms or participle"
wiederaufheben,wieder,"dual prefix, no split forms or participle"
wiederauflegen,wieder,"dual prefix, no split forms or participle"
wiederaufrichten,wieder,"dual prefix, no split forms or participle"
wiederaufstehen,wieder,"dual prefix, no split forms or participle"
wiederaufstellen,wieder,"dual prefix, no split forms or participle"
wiederbefüllen,wieder,"dual prefix, no split forms or participle"
wiederbegründen,wieder,"dual prefix, no split forms or participle"
wiederbelegen,wieder,"dual prefix, no split forms or participle"
wiederbeschaffen,wieder,"dual prefix, no split forms or participle"
wiederbesetzen,wieder,"dual prefix, no split forms or participle"
wiederbewaffnen,wieder,"dual prefix, no split forms or participle"
wiederbringen,wieder,"dual prefix, no split forms or participle"
wiedereinführen,wieder,"dual prefix, no split forms or participle"
wiedereinsetzen,wieder,"dual prefix, no split forms or participle"
wiedereinstellen,wieder,"dual prefix, no split forms or participle"
wiedereinweihen,wieder,"dual prefix, no split forms or participle"
wiederentstehen,wieder,"dual prefix, no split forms or participle"
wiedererbauen,wieder,"dual prefix, no split forms or participle"
wiedererfinden,wieder,"dual prefix, no split forms or participle"
wiedererhalten,wieder,"dual prefix, no split forms or participle"
wiedererleben,wieder,"dual prefix, no split forms or participle"
wiederernennen,wieder,"dual prefix, no split forms or participle"
wiedererobern,wieder,"dual prefix, no split forms or participle"
wiedererscheinen,wieder,"dual prefix, no split forms or participle"
wiedererstehen,wieder,"dual prefix, no split forms or participle"
wiedererteilen,wieder,"dual prefix, no split forms or participle"
wiedererwachen,wieder,"dual prefix, no split forms or participle"
wiedererwecken,wieder,"dual prefix, no split forms or participle"
wiederfahren,wieder,"dual prefix, no split forms or participle"
wiedergebären,wieder,"dual prefix, no split forms or participle"
wiederherrichten,wieder,"dual prefix, no split forms or participle"
wiederhören,wieder,"dual prefix, no split forms or participle"
wiederkauen,wieder,"dual prefix, no split forms or participle"
wiederkriegen,wieder,"dual prefix, no split forms or participle"
wiederlegen,wieder,"dual prefix, no split forms or participle"
wiederlesen,wieder,"dual prefix, no split forms or participle"
wiederrufen,wieder,"dual prefix, no split forms or participle"
wiederschenken,wieder,"dual prefix, no split forms or participle"
wiedersetzen,wieder,"dual prefix, no split forms or participle"
wiederspiegeln,wieder,"dual prefix, no split forms or participle"
wiedersprechen,wieder,"dual prefix, no split forms or participle"
wiederstehen,wieder,"dual prefix, no split forms or participle"
wiedersuchen,wieder,"dual prefix, no split forms or participle"
wiederverarbeiten,wieder,"dual prefix, no split forms or participle"
wiedervereinen,wieder,"dual prefix, no split forms or participle"
wiederverkaufen,wieder,"dual prefix, no split forms or participle"
wiederveröffentlichen,wieder,"dual prefix, no split forms or participle"
wiederwünschen,wieder,"dual prefix, no split forms or participle"
wiederzuhaben,wieder,"dual prefix, no split forms or participle"
überanpassen,über,"dual prefix, no split forms or participle"
überbehüten,über,"dual prefix, no split forms or participle"
überbeschäftigen,über,"dual prefix, no split forms or participle"
überbesetzen,über,"dual prefix, no split forms or participle"
überbestehen,über,"dual prefix, no split forms or participle"
überbevölkern,über,"dual prefix, no split forms or participle"
überblasen,über,"dual prefix, no split forms or participle"
überbrausen,über,"dual prefix, no split forms or participle"
überbreiten,über,"dual prefix, no split forms or participle"
überbrühen,über,"dual prefix, no split forms or participle"
überbrüllen,über,"dual prefix, no split forms or participle"
überdeckeln,über,"dual prefix, no split forms or participle"
überdeterminieren,über,"dual prefix, no split forms or participle"
überdröhnen,über,"dual prefix, no split forms or participle"
übereichen,über,"dual prefix, no split forms or participle"
überentwickeln,über,"dual prefix, no split forms or participle"
übererfüllen,über,"dual prefix, no split forms or participle"
überformen,über,"dual prefix, no split forms or participle"
überfällen,über,"dual prefix, no split forms or participle"
übergleiten,über,"dual prefix, no split forms or participle"
überhaben,über,"dual prefix, no split forms or participle"
überhauen,über,"dual prefix, no split forms or participle"
überhellen,über,"dual prefix, no split forms or participle"
überinszenieren,über,"dual prefix, no split forms or participle"
überinterpretieren,über,"dual prefix, no split forms or participle"
überkaufen,über,"dual prefix, no split forms or participle"
überkippen,über,"dual prefix, no split forms or participle"
überklettern,über,"dual prefix, no split forms or participle"
überkompensieren,über,"dual prefix, no split forms or participle"
überkuppeln,über,"dual prefix, no split forms or participle"
überlangen,über,"dual prefix, no split forms or participle"
überlauten,über,"dual prefix, no split forms or participle"
übermachen,über,"dual prefix, no split forms or participle"
übermessen,über,"dual prefix, no split forms or participle"
übermotivieren,über,"dual prefix, no split forms or participle"
übermöblieren,über,"dual prefix, no split forms or participle"
überorganisieren,über,"dual prefix, no split forms or participle"
überpinseln,über,"dual prefix, no split forms or participle"
überplanen,über,"dual prefix, no split forms or participle"
überpointieren,über,"dual prefix, no split forms or participle"
überproduzieren,über,"dual prefix, no split forms or participle"
überpudern,über,"dual prefix, no split forms or participle"
überqualifizieren,über,"dual prefix, no split forms or participle"
überreifen,über,"dual prefix, no split forms or participle"
überrepräsentieren,über,"dual prefix, no split forms or participle"
überriechen,über,"dual prefix, no split forms or participle"
überschmieren,über,"dual prefix, no split forms or participle"
überschminken,über,"dual prefix, no split forms or participle"
überschnellen,über,"dual prefix, no split forms or participle"
überschwingen,über,"dual prefix, no split forms or participle"
übersensibilisieren,über,"dual prefix, no split forms or participle"
übersichten,über,"dual prefix, no split forms or participle"
überspezialisieren,über,"dual prefix, no split forms or participle"
übersprühen,über,"dual prefix, no split forms or participle"
überspurten,über,"dual prefix, no split forms or participle"
überstauen,über,"dual prefix, no split forms or participle"
überstilisieren,über,"dual prefix, no split forms or participle"
überstunden,über,"dual prefix, no split forms or participle"
überstäuben,über,"dual prefix, no split forms or participle"
übertagen,über,"dual prefix, no split forms or participle"
überversorgen,über,"dual prefix, no split forms or participle"
überverwalten,über,"dual prefix, no split forms or participle"
überwehen,über,"dual prefix, no split forms or participle"
überwälzen,über,"dual prefix, no split forms or participle"
